,log_ret,rv5,bv
log_ret,1.0,-0.07663798550664022,-0.08552023538449965
rv5,-0.07663798550664022,1.0,0.9640193243535479
bv,-0.08552023538449965,0.9640193243535479,1.0
