model,window_size,alpha,viol_exp,failure_rate,avg_var,kupiec_pvalue,christoffersen_ind_pvalue,lopez_loss
Ordinary HS,1000,0.01,56 / 36.4,0.0154,-0.0334,0.0025,0.0002,0.015389
Ordinary HS,1000,0.05,177 / 182.0,0.0486,-0.0187,0.7025,0.0004,0.048641
Ordinary HS,1000,0.1,303 / 364.0,0.0832,-0.0129,0.0005,0.0,0.083265
Time-weighted HS,1000,0.01,61 / 36.4,0.0168,-0.0264,0.0002,0.0218,0.016759
Time-weighted HS,1000,0.05,193 / 182.0,0.053,-0.0169,0.4072,0.2366,0.053027
Time-weighted HS,1000,0.1,371 / 364.0,0.1019,-0.012,0.6998,0.3569,0.101935
KDE Time-weighted HS,1000,0.01,47 / 36.4,0.0129,-0.0276,0.0911,0.0246,0.012913
KDE Time-weighted HS,1000,0.05,167 / 182.0,0.0459,-0.0178,0.2476,0.0638,0.045884
KDE Time-weighted HS,1000,0.1,327 / 364.0,0.0898,-0.0129,0.0379,0.1349,0.089845
