model,lags,n_obs,lm_stat,p_value
"GARCH(1,1)-t",10,3630,22.992474850515407,0.01077438906527084
"GJR-GARCH(1,1)-t",10,3630,13.126995894455849,0.21665778112942247
