model,window_size,alpha,viol_exp,failure_rate,avg_var,kupiec_pvalue,christoffersen_ind_pvalue,lopez_loss
Ordinary HS,250,0.01,72 / 43.9,0.0164,-0.0284,0.0001,0.037,0.016404
Ordinary HS,250,0.05,237 / 219.5,0.054,-0.018,0.2313,0.0,0.053995
Ordinary HS,250,0.1,450 / 439.0,0.1025,-0.0129,0.5814,0.0001,0.102522
Time-weighted HS,250,0.01,72 / 43.9,0.0164,-0.0275,0.0001,0.037,0.016402
Time-weighted HS,250,0.05,232 / 219.5,0.0528,-0.0177,0.3909,0.0998,0.052853
Time-weighted HS,250,0.1,438 / 439.0,0.0998,-0.0129,0.9599,0.124,0.099783
KDE Time-weighted HS,250,0.01,54 / 43.9,0.0123,-0.0289,0.1392,0.0323,0.012302
KDE Time-weighted HS,250,0.05,194 / 219.5,0.0442,-0.0188,0.0719,0.0069,0.044196
KDE Time-weighted HS,250,0.1,383 / 439.0,0.0872,-0.0139,0.0041,0.0517,0.087253
