model,window_size,alpha,viol_exp,failure_rate,avg_var,kupiec_pvalue,christoffersen_ind_pvalue,lopez_loss
Ordinary HS,500,0.01,67 / 41.4,0.0162,-0.0303,0.0002,0.0049,0.016187
Ordinary HS,500,0.05,214 / 207.0,0.0517,-0.0182,0.6195,0.0,0.051702
Ordinary HS,500,0.1,396 / 414.0,0.0957,-0.0129,0.3479,0.0,0.095671
Time-weighted HS,500,0.01,67 / 41.4,0.0162,-0.027,0.0002,0.0273,0.016185
Time-weighted HS,500,0.05,218 / 207.0,0.0527,-0.0174,0.4366,0.106,0.052662
Time-weighted HS,500,0.1,412 / 414.0,0.0995,-0.0126,0.9174,0.2354,0.099528
KDE Time-weighted HS,500,0.01,51 / 41.4,0.0123,-0.0283,0.1479,0.0274,0.01232
KDE Time-weighted HS,500,0.05,186 / 207.0,0.0449,-0.0185,0.1279,0.0129,0.044932
KDE Time-weighted HS,500,0.1,362 / 414.0,0.0874,-0.0136,0.006,0.053,0.087449
